Fold,Accuracy,F1_Score
0,0.38571,0.35825
1,0.32857,0.32485
2,0.38571,0.33504
3,0.37143,0.30941
4,0.44286,0.45580

MEAN,0.38286,0.35667
