Fold,Accuracy,F1_Score
0,0.48571,0.47088
1,0.54286,0.53515
2,0.45714,0.42036
3,0.57143,0.57064
4,0.57143,0.56992

MEAN,0.52571,0.51339
