Fold,Accuracy,F1_Score
0,0.62857,0.63280
1,0.64286,0.62508
2,0.62857,0.61400
3,0.57143,0.56778
4,0.64286,0.63324

MEAN,0.62286,0.61458
