Fold,Accuracy,F1_Score
0,0.57143,0.56385
1,0.57143,0.56488
2,0.64286,0.63089
3,0.58571,0.58425
4,0.55714,0.56672

MEAN,0.58571,0.58212
