Fold,Accuracy,F1_Score
0,0.58571,0.58185
1,0.48571,0.48564
2,0.68571,0.66654
3,0.57143,0.56675
4,0.65714,0.65509

MEAN,0.59714,0.59117
