Fold,Accuracy,F1_Score
0,0.38571,0.37849
1,0.35714,0.27880
2,0.38571,0.37816
3,0.24286,0.22034
4,0.52857,0.53331

MEAN,0.38000,0.35782
