Fold,Accuracy,F1_Score
0,0.55714,0.56153
1,0.48571,0.46849
2,0.60000,0.59250
3,0.60000,0.58098
4,0.51429,0.50716

MEAN,0.55143,0.54213
