Fold,Accuracy,F1_Score
0,0.52857,0.52380
1,0.70000,0.69962
2,0.58571,0.58351
3,0.67143,0.67265
4,0.67143,0.66386

MEAN,0.63143,0.62869
