Fold,Accuracy,F1_Score
0,0.44286,0.42987
1,0.50000,0.49919
2,0.50000,0.49042
3,0.51429,0.49747
4,0.52857,0.52597

MEAN,0.49714,0.48858
