Fold,Accuracy,F1_Score
0,0.51429,0.50971
1,0.52857,0.52931
2,0.35714,0.34903
3,0.48571,0.47981
4,0.54286,0.53380

MEAN,0.48571,0.48033
