Fold,Accuracy,F1_Score
0,0.48571,0.48080
1,0.45714,0.45311
2,0.48571,0.47178
3,0.45714,0.43687
4,0.60000,0.60153

MEAN,0.49714,0.48882
