Fold,Accuracy,F1_Score
0,0.54286,0.53077
1,0.55714,0.55517
2,0.42857,0.41743
3,0.32857,0.32065
4,0.52857,0.52140

MEAN,0.47714,0.46908
