Fold,Accuracy,F1_Score
0,0.55714,0.54786
1,0.55714,0.55736
2,0.65714,0.65229
3,0.52857,0.51952
4,0.50000,0.50336

MEAN,0.56000,0.55608
