Fold,Accuracy,F1_Score
0,0.64286,0.65367
1,0.54286,0.54984
2,0.48571,0.47697
3,0.61429,0.59884
4,0.62857,0.63213

MEAN,0.58286,0.58229
