Fold,Accuracy,F1_Score
0,0.60000,0.57689
1,0.55714,0.54888
2,0.54286,0.54015
3,0.47143,0.46075
4,0.54286,0.52202

MEAN,0.54286,0.52974
