Fold,Best_Val_Acc
0,0.699999988079071
1,0.5428571701049805
2,0.6142857074737549
3,0.6000000238418579
4,0.5857142806053162
