Fold,Best_Val_Acc
0,0.7857142686843872
1,0.699999988079071
2,0.800000011920929
3,0.7285714149475098
4,0.8571428656578064
