Fold,Best_Val_Acc
0,0.6142857074737549
1,0.7142857313156128
2,0.6142857074737549
3,0.6285714507102966
4,0.6142857074737549
