Fold,Best_Val_Acc
0,0.6142857074737549
1,0.6285714507102966
2,0.6714285612106323
3,0.6571428775787354
4,0.6285714507102966
