Fold,Best_Val_Acc
0,0.7285714149475098
1,0.7428571581840515
2,0.6714285612106323
3,0.7428571581840515
4,0.6571428775787354
