Fold,Best_Val_Acc
0,0.7428571581840515
1,0.7285714149475098
2,0.7428571581840515
3,0.6714285612106323
4,0.7428571581840515
