Fold,Best_Val_Acc
0,0.7714285850524902
1,0.6857143044471741
2,0.7571428418159485
3,0.8285714387893677
4,0.7142857313156128
