Fold,Accuracy,F1_Score
0,0.50000,0.49844
1,0.48571,0.46874
2,0.47143,0.45807
3,0.48571,0.44366
4,0.54286,0.52872

MEAN,0.49714,0.47953
