Fold,Accuracy,F1_Score
0,0.54286,0.53857
1,0.65714,0.66088
2,0.52857,0.52423
3,0.55714,0.54433
4,0.48571,0.48927

MEAN,0.55429,0.55146
