Fold,Accuracy,F1_Score
0,0.65714,0.64890
1,0.52857,0.52255
2,0.55714,0.53093
3,0.68571,0.68397
4,0.52857,0.54058

MEAN,0.59143,0.58539
