Fold,Accuracy,F1_Score
0,0.42857,0.41771
1,0.40000,0.38269
2,0.55714,0.55344
3,0.50000,0.47126
4,0.41429,0.36674

MEAN,0.46000,0.43837
