Fold,Accuracy,F1_Score
0,0.47143,0.47343
1,0.54286,0.54329
2,0.50000,0.48099
3,0.55714,0.53341
4,0.52857,0.52564

MEAN,0.52000,0.51135
