Fold,Accuracy,F1_Score
0,0.64286,0.63713
1,0.57143,0.55677
2,0.72857,0.73010
3,0.61429,0.61299
4,0.65714,0.65426

MEAN,0.64286,0.63825
