Fold,Accuracy,F1_Score
0,0.68571,0.67655
1,0.57143,0.57213
2,0.52857,0.51588
3,0.57143,0.57254
4,0.60000,0.58453

MEAN,0.59143,0.58432
