Fold,Accuracy,F1_Score
0,0.35714,0.33755
1,0.34286,0.31221
2,0.42857,0.43256
3,0.17143,0.14755
4,0.48571,0.49245

MEAN,0.35714,0.34446
