Fold,Accuracy,F1_Score
0,0.62857,0.62761
1,0.65714,0.63006
2,0.65714,0.64431
3,0.62857,0.62848
4,0.57143,0.56365

MEAN,0.62857,0.61882
