Fold,Accuracy,F1_Score
0,0.50000,0.49872
1,0.45714,0.45079
2,0.55714,0.53684
3,0.61429,0.61624
4,0.42857,0.42171

MEAN,0.51143,0.50486
