Fold,Accuracy,F1_Score
0,0.60000,0.59000
1,0.58571,0.54350
2,0.68571,0.68028
3,0.60000,0.59315
4,0.58571,0.58633

MEAN,0.61143,0.59865
