Fold,Accuracy,F1_Score
0,0.55714,0.56485
1,0.54286,0.54215
2,0.57143,0.56246
3,0.65714,0.63502
4,0.60000,0.59814

MEAN,0.58571,0.58052
