Fold,Accuracy,F1_Score
0,0.70000,0.69887
1,0.62857,0.62974
2,0.67143,0.67220
3,0.60000,0.59585
4,0.72857,0.72726

MEAN,0.66571,0.66478
