Fold,Accuracy,F1_Score
0,0.52857,0.52195
1,0.55714,0.53086
2,0.41429,0.40713
3,0.40000,0.38209
4,0.51429,0.51756

MEAN,0.48286,0.47192
