Fold,Accuracy,F1_Score
0,0.34286,0.22635
1,0.28571,0.28831
2,0.35714,0.32143
3,0.27143,0.22914
4,0.52857,0.54006

MEAN,0.35714,0.32106
