Fold,Accuracy,F1_Score
0,0.51429,0.51971
1,0.44286,0.43769
2,0.40000,0.36253
3,0.48571,0.48113
4,0.54286,0.51531

MEAN,0.47714,0.46327
