Fold,Accuracy,F1_Score
0,0.54286,0.53683
1,0.58571,0.58703
2,0.45714,0.43327
3,0.47143,0.45612
4,0.51429,0.50301

MEAN,0.51429,0.50325
