Fold,Accuracy,F1_Score
0,0.60000,0.59760
1,0.55714,0.56042
2,0.55714,0.55244
3,0.54286,0.53838
4,0.51429,0.51876

MEAN,0.55429,0.55352
