Fold,Accuracy,F1_Score
0,0.64286,0.63656
1,0.70000,0.70000
2,0.57143,0.57561
3,0.48571,0.48386
4,0.67143,0.66859

MEAN,0.61429,0.61292
