Fold,Accuracy,F1_Score
0,0.51429,0.49515
1,0.50000,0.49467
2,0.44286,0.42156
3,0.52857,0.50596
4,0.50000,0.48665

MEAN,0.49714,0.48080
