Fold,Accuracy,F1_Score
0,0.54286,0.53779
1,0.51429,0.49312
2,0.58571,0.56872
3,0.42857,0.41175
4,0.55714,0.56412

MEAN,0.52571,0.51510
