Fold,Accuracy,F1_Score
0,0.51429,0.50189
1,0.52857,0.52021
2,0.60000,0.58838
3,0.44286,0.44688
4,0.61429,0.61131

MEAN,0.54000,0.53373
