Fold,Accuracy,F1_Score
0,0.57143,0.57695
1,0.51429,0.50980
2,0.51429,0.50382
3,0.62857,0.62133
4,0.57143,0.57871

MEAN,0.56000,0.55812
