Fold,Accuracy,F1_Score
0,0.61429,0.61256
1,0.65714,0.64759
2,0.55714,0.55796
3,0.65714,0.64659
4,0.67143,0.65523

MEAN,0.63143,0.62398
