Fold,Accuracy,F1_Score
0,0.71429,0.70397
1,0.77143,0.76463
2,0.61429,0.61285
3,0.67143,0.67778
4,0.78571,0.77827

MEAN,0.71143,0.70750
