Fold,Accuracy,F1_Score
0,0.30000,0.28512
1,0.25714,0.23001
2,0.34286,0.33690
3,0.17143,0.14620
4,0.55714,0.57442

MEAN,0.32571,0.31453
