Fold,Accuracy,F1_Score
0,0.71429,0.71693
1,0.52857,0.52041
2,0.68571,0.69085
3,0.57143,0.56690
4,0.71429,0.71256

MEAN,0.64286,0.64153
