Fold,Accuracy,F1_Score
0,0.38571,0.29043
1,0.22857,0.20587
2,0.34286,0.35294
3,0.30000,0.26685
4,0.54286,0.53628

MEAN,0.36000,0.33047
