Fold,Accuracy,F1_Score
0,0.45714,0.45375
1,0.47143,0.46044
2,0.54286,0.53561
3,0.60000,0.59641
4,0.57143,0.57999

MEAN,0.52857,0.52524
