Fold,Accuracy,F1_Score
0,0.58571,0.58036
1,0.58571,0.57730
2,0.64286,0.63587
3,0.52857,0.51881
4,0.42857,0.41998

MEAN,0.55429,0.54646
