Fold,Accuracy,F1_Score
0,0.57143,0.55703
1,0.61429,0.61794
2,0.62857,0.60131
3,0.62857,0.62272
4,0.61429,0.61224

MEAN,0.61143,0.60225
