Fold,Accuracy,F1_Score
0,0.37143,0.31962
1,0.24286,0.20101
2,0.31429,0.32019
3,0.21429,0.21704
4,0.51429,0.51734

MEAN,0.33143,0.31504
