Fold,Accuracy,F1_Score
0,0.55714,0.55871
1,0.61429,0.61559
2,0.54286,0.51678
3,0.62857,0.60384
4,0.52857,0.52836

MEAN,0.57429,0.56466
