Fold,Accuracy,F1_Score
0,0.47143,0.44244
1,0.52857,0.52354
2,0.58571,0.57960
3,0.57143,0.57140
4,0.50000,0.48121

MEAN,0.53143,0.51964
