Fold,Accuracy,F1_Score
0,0.58571,0.57177
1,0.57143,0.57266
2,0.61429,0.59729
3,0.57143,0.56260
4,0.55714,0.56083

MEAN,0.58000,0.57303
