Fold,Accuracy,F1_Score
0,0.62857,0.62913
1,0.58571,0.57034
2,0.51429,0.48872
3,0.58571,0.58508
4,0.52857,0.52979

MEAN,0.56857,0.56061
