Fold,Accuracy,F1_Score
0,0.67143,0.66090
1,0.72857,0.72872
2,0.62857,0.62742
3,0.71429,0.71810
4,0.81429,0.81399

MEAN,0.71143,0.70982
