Fold,Accuracy,F1_Score
0,0.54286,0.54874
1,0.58571,0.58484
2,0.67143,0.66872
3,0.70000,0.69642
4,0.57143,0.55879

MEAN,0.61429,0.61150
