Fold,Accuracy,F1_Score
0,0.60000,0.59227
1,0.60000,0.57809
2,0.61429,0.61036
3,0.70000,0.69840
4,0.65714,0.66392

MEAN,0.63429,0.62861
