Fold,Best_Val_Acc
0,0.7857142686843872
1,0.6571428775787354
2,0.7857142686843872
3,0.7571428418159485
4,0.6428571343421936
