Fold,Best_Val_Acc
0,0.8285714387893677
1,0.7428571581840515
2,0.7285714149475098
3,0.6571428775787354
4,0.6857143044471741
