Fold,Best_Val_Acc
0,0.7857142686843872
1,0.7142857313156128
2,0.800000011920929
3,0.7285714149475098
4,0.6571428775787354
