Fold,Best_Val_Acc
0,0.6428571343421936
1,0.5285714268684387
2,0.5857142806053162
3,0.6142857074737549
4,0.5428571701049805
