Fold,Accuracy,F1_Score
0,0.54286,0.54215
1,0.62857,0.63850
2,0.57143,0.56781
3,0.51429,0.49860
4,0.48571,0.48555

MEAN,0.54857,0.54652
