Fold,Accuracy,F1_Score
0,0.45714,0.46091
1,0.37143,0.36646
2,0.57143,0.56585
3,0.54286,0.53749
4,0.42857,0.42779

MEAN,0.47429,0.47170
