Fold,Accuracy,F1_Score
0,0.72857,0.73318
1,0.68571,0.69384
2,0.67143,0.67540
3,0.62857,0.61141
4,0.72857,0.73057

MEAN,0.68857,0.68888
