Fold,Accuracy,F1_Score
0,0.67143,0.67718
1,0.51429,0.51854
2,0.55714,0.55344
3,0.54286,0.54460
4,0.50000,0.50195

MEAN,0.55714,0.55914
