Fold,Accuracy,F1_Score
0,0.38571,0.29922
1,0.25714,0.25643
2,0.35714,0.31501
3,0.31429,0.23823
4,0.40000,0.40292

MEAN,0.34286,0.30236
