Fold,Accuracy,F1_Score
0,0.57143,0.57167
1,0.60000,0.58187
2,0.58571,0.57740
3,0.55714,0.55658
4,0.52857,0.50427

MEAN,0.56857,0.55836
