Fold,Accuracy,F1_Score
0,0.50000,0.46703
1,0.44286,0.44194
2,0.42857,0.40172
3,0.55714,0.55258
4,0.52857,0.52858

MEAN,0.49143,0.47837
