Fold,Accuracy,F1_Score
0,0.55714,0.54207
1,0.65714,0.64860
2,0.57143,0.55360
3,0.58571,0.58187
4,0.61429,0.61568

MEAN,0.59714,0.58836
