Fold,Accuracy,F1_Score
0,0.57143,0.56446
1,0.54286,0.53910
2,0.57143,0.56123
3,0.58571,0.57902
4,0.64286,0.65068

MEAN,0.58286,0.57890
