Fold,Accuracy,F1_Score
0,0.52857,0.51988
1,0.40000,0.39519
2,0.57143,0.56967
3,0.55714,0.54448
4,0.52857,0.53089

MEAN,0.51714,0.51202
