Fold,Accuracy,F1_Score
0,0.51429,0.51762
1,0.45714,0.44492
2,0.37143,0.37324
3,0.47143,0.47242
4,0.42857,0.41631

MEAN,0.44857,0.44490
