Fold,Accuracy,F1_Score
0,0.28571,0.26304
1,0.28571,0.25337
2,0.32857,0.31580
3,0.25714,0.28123
4,0.52857,0.53447

MEAN,0.33714,0.32958
