Fold,Accuracy,F1_Score
0,0.48571,0.47902
1,0.54286,0.54210
2,0.44286,0.44053
3,0.48571,0.48287
4,0.44286,0.43838

MEAN,0.48000,0.47658
