Fold,Accuracy,F1_Score
0,0.68571,0.68826
1,0.68571,0.68168
2,0.64286,0.63977
3,0.50000,0.48541
4,0.57143,0.57027

MEAN,0.61714,0.61308
