Fold,Accuracy,F1_Score
0,0.60000,0.60086
1,0.62857,0.61537
2,0.71429,0.71385
3,0.65714,0.64929
4,0.58571,0.58854

MEAN,0.63714,0.63358
