Fold,Accuracy,F1_Score
0,0.57143,0.56955
1,0.48571,0.47182
2,0.41429,0.40824
3,0.47143,0.47852
4,0.64286,0.63304

MEAN,0.51714,0.51224
