Fold,Accuracy,F1_Score
0,0.61429,0.61526
1,0.64286,0.64162
2,0.60000,0.60439
3,0.68571,0.67104
4,0.67143,0.65186

MEAN,0.64286,0.63683
