Fold,Accuracy,F1_Score
0,0.61429,0.60663
1,0.55714,0.55637
2,0.74286,0.74121
3,0.52857,0.52517
4,0.68571,0.68413

MEAN,0.62571,0.62270
