Fold,Accuracy,F1_Score
0,0.41429,0.33452
1,0.30000,0.30047
2,0.31429,0.28925
3,0.34286,0.27264
4,0.44286,0.47883

MEAN,0.36286,0.33514
