Fold,Accuracy,F1_Score
0,0.61429,0.61406
1,0.68571,0.67620
2,0.74286,0.74512
3,0.62857,0.62883
4,0.70000,0.69971

MEAN,0.67429,0.67278
