Fold,Accuracy,F1_Score
0,0.60000,0.58990
1,0.52857,0.52347
2,0.47143,0.44931
3,0.55714,0.54467
4,0.60000,0.58838

MEAN,0.55143,0.53915
