Fold,Best_Val_Acc
0,0.6428571343421936
1,0.6000000238418579
2,0.6428571343421936
3,0.6571428775787354
4,0.6714285612106323
