Fold,Accuracy,F1_Score
0,0.54286,0.54401
1,0.47143,0.46775
2,0.48571,0.46973
3,0.47143,0.47069
4,0.48571,0.47756

MEAN,0.49143,0.48595
