Fold,Accuracy,F1_Score
0,0.41429,0.41349
1,0.52857,0.52967
2,0.40000,0.37305
3,0.42857,0.41250
4,0.51429,0.47504

MEAN,0.45714,0.44075
