Fold,Accuracy,F1_Score
0,0.52857,0.52410
1,0.51429,0.50966
2,0.30000,0.29126
3,0.44286,0.44559
4,0.55714,0.54650

MEAN,0.46857,0.46342
