Fold,Accuracy,F1_Score
0,0.58571,0.58647
1,0.44286,0.43146
2,0.62857,0.59712
3,0.64286,0.63088
4,0.68571,0.68465

MEAN,0.59714,0.58611
