Fold,Accuracy,F1_Score
0,0.64286,0.64123
1,0.58571,0.56797
2,0.55714,0.54580
3,0.62857,0.62666
4,0.60000,0.60001

MEAN,0.60286,0.59634
