Fold,Accuracy,F1_Score
0,0.48571,0.49102
1,0.40000,0.38217
2,0.45714,0.45731
3,0.44286,0.43559
4,0.50000,0.47464

MEAN,0.45714,0.44815
