Fold,Accuracy,F1_Score
0,0.58571,0.58632
1,0.50000,0.49219
2,0.58571,0.59698
3,0.58571,0.57939
4,0.54286,0.54642

MEAN,0.56000,0.56026
