Fold,Accuracy,F1_Score
0,0.67143,0.66597
1,0.60000,0.59007
2,0.64286,0.64289
3,0.61429,0.61600
4,0.62857,0.62834

MEAN,0.63143,0.62866
