Fold,Accuracy,F1_Score
0,0.62857,0.61349
1,0.67143,0.65904
2,0.52857,0.50033
3,0.60000,0.57064
4,0.64286,0.64335

MEAN,0.61429,0.59737
