Fold,Accuracy,F1_Score
0,0.27143,0.26396
1,0.18571,0.16347
2,0.31429,0.31138
3,0.28571,0.27252
4,0.62857,0.63387

MEAN,0.33714,0.32904
