Fold,Accuracy,F1_Score
0,0.37143,0.26831
1,0.42857,0.41449
2,0.38571,0.33259
3,0.38571,0.29610
4,0.54286,0.55309

MEAN,0.42286,0.37291
