Fold,Accuracy,F1_Score
0,0.70000,0.71411
1,0.64286,0.64700
2,0.68571,0.67925
3,0.55714,0.55737
4,0.57143,0.57197

MEAN,0.63143,0.63394
