Fold,Accuracy,F1_Score
0,0.61429,0.61454
1,0.61429,0.60883
2,0.47143,0.46659
3,0.51429,0.50387
4,0.54286,0.54252

MEAN,0.55143,0.54727
