Fold,Accuracy,F1_Score
0,0.58571,0.58523
1,0.67143,0.66256
2,0.68571,0.68103
3,0.72857,0.72844
4,0.54286,0.54604

MEAN,0.64286,0.64066
