Fold,Accuracy,F1_Score
0,0.68571,0.69088
1,0.52857,0.53784
2,0.48571,0.49114
3,0.68571,0.67985
4,0.64286,0.63615

MEAN,0.60571,0.60717
