Fold,Best_Val_Acc
0,0.7428571581840515
1,0.800000011920929
2,0.7571428418159485
3,0.6000000238418579
4,0.7142857313156128
