Fold,Best_Val_Acc
0,0.6857143044471741
1,0.7428571581840515
2,0.699999988079071
3,0.6714285612106323
4,0.7857142686843872
