Fold,Best_Val_Acc
0,0.7285714149475098
1,0.7428571581840515
2,0.699999988079071
3,0.6285714507102966
4,0.6571428775787354
